{"cameraMode":{"drawMode":0,"name":"Shaded","section":"Shading Mode"},"sceneLighting":false,"audioPlay":false,"sceneViewState":{"m_AlwaysRefresh":false,"showFog":true,"showSkybox":false,"showFlares":true,"showImageEffects":true,"showParticleSystems":true,"showVisualEffectGraphs":true,"m_FxEnabled":true},"in2DMode":false,"pivot":{"x":0.39905086159706118,"y":4.140069484710693,"z":-1.1948813199996949},"rotation":{"x":0.24872566759586335,"y":0.24964246153831483,"z":-0.06652121245861054,"w":0.9334914088249207},"size":0.4224745035171509,"orthographic":false}