{"cameraMode":{"drawMode":0,"name":"Shaded","section":"Shading Mode"},"sceneLighting":false,"audioPlay":false,"sceneViewState":{"m_AlwaysRefresh":false,"showFog":true,"showSkybox":false,"showFlares":true,"showImageEffects":true,"showParticleSystems":true,"showVisualEffectGraphs":true,"m_FxEnabled":true},"in2DMode":false,"pivot":{"x":-0.06367456912994385,"y":5.924416542053223,"z":0.01922166347503662},"rotation":{"x":0.17100070416927339,"y":0.6261152029037476,"z":-0.1433018147945404,"w":0.7471331357955933},"size":2.7674686908721926,"orthographic":false}