{"cameraMode":{"drawMode":0,"name":"Shaded","section":"Shading Mode"},"sceneLighting":false,"audioPlay":false,"sceneViewState":{"m_AlwaysRefresh":false,"showFog":true,"showSkybox":false,"showFlares":true,"showImageEffects":true,"showParticleSystems":true,"showVisualEffectGraphs":true,"m_FxEnabled":true},"in2DMode":false,"pivot":{"x":-0.34864529967308047,"y":0.34955164790153506,"z":-0.5807051062583923},"rotation":{"x":-0.0009142658673226833,"y":0.9983276128768921,"z":-0.016474105417728425,"w":-0.05546396225690842},"size":0.981320858001709,"orthographic":false}