{"cameraMode":{"drawMode":0,"name":"Shaded","section":"Shading Mode"},"sceneLighting":false,"audioPlay":false,"sceneViewState":{"m_AlwaysRefresh":false,"showFog":true,"showSkybox":false,"showFlares":true,"showImageEffects":true,"showParticleSystems":true,"showVisualEffectGraphs":true,"m_FxEnabled":true},"in2DMode":false,"pivot":{"x":-0.5481159687042236,"y":-1.164223551750183,"z":-1.6616272926330567},"rotation":{"x":-0.0036028616596013309,"y":0.9652649164199829,"z":-0.2609204053878784,"w":-0.013325813226401806},"size":2.332620143890381,"orthographic":false}