{"cameraMode":{"drawMode":0,"name":"Shaded","section":"Shading Mode"},"sceneLighting":false,"audioPlay":false,"sceneViewState":{"m_AlwaysRefresh":false,"showFog":true,"showSkybox":false,"showFlares":true,"showImageEffects":true,"showParticleSystems":true,"showVisualEffectGraphs":true,"m_FxEnabled":true},"in2DMode":false,"pivot":{"x":0.3894492983818054,"y":0.7555361986160278,"z":-0.09115099906921387},"rotation":{"x":-0.19209028780460359,"y":-0.1288350522518158,"z":0.025443004444241525,"w":-0.9725565314292908},"size":1.9460835456848145,"orthographic":false}