{"cameraMode":{"drawMode":0,"name":"Shaded","section":"Shading Mode"},"sceneLighting":false,"audioPlay":false,"sceneViewState":{"m_AlwaysRefresh":false,"showFog":true,"showSkybox":false,"showFlares":true,"showImageEffects":true,"showParticleSystems":true,"showVisualEffectGraphs":true,"m_FxEnabled":true},"in2DMode":false,"pivot":{"x":2.3120899200439455,"y":0.09981134533882141,"z":1.8546292781829835},"rotation":{"x":0.05258810147643089,"y":-0.9242559671401978,"z":0.1376659870147705,"w":0.3523639440536499},"size":0.5934752821922302,"orthographic":false}