{"cameraMode":{"drawMode":0,"name":"Shaded","section":"Shading Mode"},"sceneLighting":false,"audioPlay":false,"sceneViewState":{"m_AlwaysRefresh":false,"showFog":true,"showSkybox":true,"showFlares":true,"showImageEffects":true,"showParticleSystems":true,"showVisualEffectGraphs":true,"m_FxEnabled":true},"in2DMode":false,"pivot":{"x":37.135494232177737,"y":0.5120763182640076,"z":-0.5967217683792114},"rotation":{"x":0.027083542197942735,"y":0.5705251693725586,"z":0.018844064325094224,"w":-0.8206722736358643},"size":0.7625543475151062,"orthographic":false}