{"cameraMode":{"drawMode":0,"name":"Shaded","section":"Shading Mode"},"sceneLighting":false,"audioPlay":false,"sceneViewState":{"m_AlwaysRefresh":false,"showFog":true,"showSkybox":true,"showFlares":true,"showImageEffects":true,"showParticleSystems":true,"showVisualEffectGraphs":true,"m_FxEnabled":true},"in2DMode":false,"pivot":{"x":-1.5829471349716187,"y":4.4482808113098148,"z":-5.163671016693115},"rotation":{"x":0.3155032694339752,"y":0.008540216833353043,"z":-0.002839599270373583,"w":0.9488831758499146},"size":1.6975727081298829,"orthographic":false}