{"cameraMode":{"drawMode":0,"name":"Shaded","section":"Shading Mode"},"sceneLighting":false,"audioPlay":false,"sceneViewState":{"m_AlwaysRefresh":false,"showFog":true,"showSkybox":true,"showFlares":true,"showImageEffects":true,"showParticleSystems":true,"showVisualEffectGraphs":true,"m_FxEnabled":true},"in2DMode":false,"pivot":{"x":64.52395629882813,"y":-144.09457397460938,"z":2625.43896484375},"rotation":{"x":0.02849438041448593,"y":0.012309441342949868,"z":-0.0003697455395013094,"w":0.9995383620262146},"size":1321.3836669921875,"orthographic":false}