{"cameraMode":{"drawMode":0,"name":"Shaded","section":"Shading Mode"},"sceneLighting":false,"audioPlay":false,"sceneViewState":{"m_AlwaysRefresh":false,"showFog":true,"showSkybox":true,"showFlares":true,"showImageEffects":true,"showParticleSystems":true,"showVisualEffectGraphs":true,"m_FxEnabled":true},"in2DMode":false,"pivot":{"x":859.3280639648438,"y":365.885986328125,"z":258.2935485839844},"rotation":{"x":-0.03898971900343895,"y":-0.009900554083287716,"z":0.00036724109668284655,"w":-0.9992178678512573},"size":930.5908813476563,"orthographic":false}