{"cameraMode":{"drawMode":0,"name":"Shaded","section":"Shading Mode"},"sceneLighting":false,"audioPlay":false,"sceneViewState":{"m_AlwaysRefresh":false,"showFog":true,"showSkybox":false,"showFlares":true,"showImageEffects":true,"showParticleSystems":true,"showVisualEffectGraphs":true,"m_FxEnabled":true},"in2DMode":false,"pivot":{"x":-1.6485153436660767,"y":3.3593358993530275,"z":2.2716593742370607},"rotation":{"x":-0.23716381192207337,"y":-0.6446564793586731,"z":0.22081159055233003,"w":-0.6924030184745789},"size":1.8578293323516846,"orthographic":false}